{
  "project_info": {
    "project_number": "775815063846",
    "project_id": "my-second-project-dfeec",
    "storage_bucket": "my-second-project-dfeec.appspot.com"
  },
  "client": [
    {
      "client_info": {
        "mobilesdk_app_id": "1:775815063846:android:1ba2eb2c8120cf1dc839e7",
        "android_client_info": {
          "package_name": "com.example.nov20"
        }
      },
      "oauth_client": [],
      "api_key": [
        {
          "current_key": "AIzaSyD4Is3kA9_vHAv6A32Rt9A-7nhQHd_rwA0"
        }
      ],
      "services": {
        "appinvite_service": {
          "other_platform_oauth_client": []
        }
      }
    }
  ],
  "configuration_version": "1"
}